player_id,"last_name, first_name",on_base_plus_slg (2023),on_base_plus_slg (2024),xbadiff (2023),xbadiff (2024),xslgdiff (2023),xslgdiff (2024),wobadiff (2023),wobadiff (2024),babipdiff (2023),babipdiff (2024),ops_change 2023-2024
453568,"Blackmon, Charlie",0.803,0.741,0.01,0.007,0.034,0.047,0.011,0.017,-0.01722222222222225,-0.031222222222222262,-7.721046077210469
456781,"Solano, Donovan",0.76,0.76,-0.002,0.029,-0.038,0.039,-0.013,0.026,0.020499999999999963,0.0004999999999999449,0.0
457705,"McCutchen, Andrew",0.775,0.739,-0.001,0.005,-0.012,-0.01,-0.008,-0.002,0.017000000000000015,-0.01200000000000001,-4.645161290322585
457759,"Turner, Justin",0.8,0.737,0.016,0.007,0.011,0.0,0.01,-0.001,-0.005555555555555591,-0.010555555555555596,-7.87500000000001
467793,"Santana, Carlos",0.747,0.748,0.0,-0.008,0.051,0.005,0.015,-0.004,0.0038888888888889417,0.000888888888888939,0.1338688085676054
500743,"Rojas, Miguel",0.612,0.747,-0.016,0.0,-0.016,0.045,-0.017,0.013,-0.03328571428571425,0.012714285714285734,22.058823529411775
502054,"Pham, Tommy",0.774,0.673,-0.028,-0.015,-0.029,-0.039,-0.029,-0.022,-0.016714285714285737,-0.00971428571428573,-13.04909560723514
502110,"Martinez, J.D.",0.893,0.726,0.0,-0.021,0.019,-0.066,0.0,-0.033,-0.01799999999999996,-0.033999999999999975,-18.70100783874581
502671,"Goldschmidt, Paul",0.81,0.716,-0.003,-0.01,-0.044,-0.036,-0.017,-0.019,-0.014999999999999958,-0.033999999999999975,-11.604938271604947
514888,"Altuve, Jose",0.915,0.789,0.066,0.033,0.103,0.04,0.062,0.028,0.016777777777777725,0.005777777777777771,-13.770491803278684
516782,"Marte, Starling",0.625,0.715,-0.013,-0.018,-0.078,-0.037,-0.034,-0.024,-0.032111111111111146,-0.002111111111111119,14.399999999999991
518692,"Freeman, Freddie",0.977,0.854,0.008,0.004,0.002,0.01,0.003,-0.002,0.03022222222222226,-0.03377777777777774,-12.589559877175027
519203,"Rizzo, Anthony",0.706,0.636,-0.002,-0.012,-0.015,-0.005,-0.007,-0.012,0.020777777777777784,-0.018222222222222195,-9.915014164305946
519317,"Stanton, Giancarlo",0.695,0.773,-0.028,-0.016,-0.042,-0.034,-0.028,-0.022,-0.07087500000000005,0.00012499999999998623,11.223021582733828
521692,"Perez, Salvador",0.714,0.786,-0.011,-0.004,-0.038,-0.066,-0.023,-0.025,0.012249999999999983,0.02024999999999999,10.084033613445387
542303,"Ozuna, Marcell",0.904,0.924,-0.006,0.015,-0.019,-0.027,-0.012,-0.007,-0.012124999999999997,0.053875000000000006,2.212389380530966
543760,"Semien, Marcus",0.826,0.699,0.014,-0.014,0.051,0.0,0.021,-0.007,0.0076666666666665995,-0.03333333333333338,-15.375302663438262
543807,"Springer III, George",0.732,0.674,-0.006,-0.024,-0.017,-0.031,-0.012,-0.024,-0.005777777777777771,-0.051777777777777756,-7.923497267759549
543877,"Vázquez, Christian",0.598,0.575,-0.003,-0.013,-0.005,-0.024,-0.004,-0.017,-0.020999999999999963,-0.04299999999999998,-3.8461538461538547
547180,"Harper, Bryce",0.9,0.898,0.003,0.018,-0.031,0.051,-0.015,0.023,0.023444444444444434,0.0024444444444444713,-0.22222222222222365
553869,"Díaz, Elias",0.725,0.695,0.022,0.023,0.033,0.039,0.018,0.023,0.0348,0.02779999999999999,-4.137931034482767
553993,"Suárez, Eugenio",0.714,0.788,0.009,0.009,-0.028,0.022,-0.011,0.007,0.009888888888888892,0.004888888888888887,10.364145658263313
571448,"Arenado, Nolan",0.774,0.719,0.0,0.017,0.024,0.038,0.007,0.018,-0.013999999999999901,0.003000000000000058,-7.105943152454786
571771,"Hernández, Enrique",0.646,0.654,0.013,-0.004,0.02,0.011,0.01,0.0,0.008571428571428619,-0.0074285714285713955,1.238390092879249
572191,"Taylor, Michael A.",0.72,0.543,-0.002,-0.011,0.009,-0.043,0.002,-0.028,-0.0362857142857142,-0.026285714285714246,-24.583333333333325
572233,"Walker, Christian",0.83,0.803,0.007,0.005,0.037,0.011,0.012,-0.008,-0.01319999999999999,0.0017999999999999683,-3.2530120481927605
573262,"Yastrzemski, Mike",0.775,0.739,0.001,0.012,0.026,0.04,0.008,0.018,0.004400000000000015,0.00040000000000001146,-4.645161290322585
575929,"Contreras, Willson",0.825,0.848,-0.015,0.004,-0.023,0.013,-0.015,0.005,0.002142857142857113,0.028142857142857136,2.7878787878787836
592192,"Canha, Mark",0.755,0.69,0.014,0.03,0.019,0.04,0.01,0.022,-0.00028571428571427804,0.004714285714285726,-8.609271523178819
592206,"Castellanos, Nick",0.787,0.742,0.014,-0.017,0.033,-0.01,0.015,-0.012,0.006444444444444475,-0.03655555555555556,-5.717916137229995
592273,"Drury, Brandon",0.803,0.47,0.01,-0.033,0.057,-0.059,0.021,-0.042,0.021833333333333316,-0.07616666666666669,-41.469489414694905
592450,"Judge, Aaron",1.019,1.159,-0.022,0.012,-0.099,-0.022,-0.041,-0.003,-0.04628571428571426,0.02071428571428574,13.73895976447499
592518,"Machado, Manny",0.781,0.797,0.004,0.003,0.004,0.011,0.002,0.002,-0.025999999999999968,0.008000000000000007,2.0486555697823317
592626,"Pederson, Joc",0.764,0.908,-0.029,0.011,-0.065,0.035,-0.035,0.013,-0.007777777777777772,0.04622222222222222,18.848167539267013
592663,"Realmuto, J.T.",0.762,0.751,-0.002,-0.002,-0.01,-0.03,-0.01,-0.013,-0.010666666666666602,0.010333333333333417,-1.4435695538057791
592669,"Renfroe, Hunter",0.713,0.689,0.008,0.006,0.05,0.03,0.019,0.011,0.0022857142857143353,-0.013714285714285679,-3.3660589060308554
592696,"Rosario, Eddie",0.755,0.531,0.001,-0.036,0.014,-0.024,0.005,-0.027,0.007499999999999951,-0.09650000000000003,-29.668874172185422
592885,"Yelich, Christian",0.817,0.91,-0.006,0.021,-0.013,0.033,-0.009,0.018,-0.007555555555555593,0.016444444444444373,11.383108935128528
593160,"Merrifield, Whit",0.7,0.625,0.03,-0.02,0.047,-0.003,0.028,-0.012,-0.00275000000000003,-0.058750000000000024,-10.71428571428571
593428,"Bogaerts, Xander",0.79,0.688,0.03,0.002,0.039,-0.001,0.025,-0.005,-0.014333333333333365,-0.036333333333333384,-12.911392405063305
593871,"Polanco, Jorge",0.789,0.653,0.005,-0.012,-0.027,-0.043,-0.008,-0.021,0.011857142857142844,-0.02314285714285713,-17.237008871989858
594807,"Duvall, Adam",0.834,0.568,0.037,-0.015,0.095,-0.064,0.043,-0.031,0.03242857142857142,-0.03957142857142856,-31.894484412470025
595777,"Profar, Jurickson",0.689,0.839,-0.005,-0.002,0.019,0.015,-0.002,0.001,0.008000000000000007,0.030999999999999972,21.770682148040656
596019,"Lindor, Francisco",0.806,0.844,-0.001,-0.01,0.013,-0.028,0.0,-0.016,-0.016111111111111076,0.0018888888888888844,4.714640198511155
596146,"Kepler, Max",0.816,0.682,-0.011,0.006,-0.019,-0.001,-0.014,-0.003,0.02812500000000001,0.04012500000000002,-16.421568627450966
600869,"Candelario, Jeimer",0.807,0.708,0.015,0.004,0.064,0.065,0.028,0.024,0.011999999999999955,-0.02300000000000002,-12.267657992565063
602104,"Urías, Ramón",0.703,0.745,0.038,0.006,0.039,-0.006,0.029,-0.003,0.04766666666666669,-0.027333333333333265,5.974395448079672
605137,"Bell, Josh",0.744,0.724,-0.016,0.01,-0.038,0.009,-0.022,0.007,-0.0010000000000000009,-0.0020000000000000018,-2.6881720430107503
605141,"Betts, Mookie",0.987,0.863,0.013,0.007,0.016,0.044,0.009,0.015,0.012111111111111128,-0.009888888888888892,-12.56332320162108
606115,"Arcia, Orlando",0.741,0.625,0.017,0.012,0.022,0.031,0.014,0.012,0.01599999999999996,-0.03600000000000003,-15.654520917678816
606192,"Hernández, Teoscar",0.74,0.84,0.0,0.022,-0.041,0.015,-0.019,0.014,0.012166666666666659,0.014166666666666605,13.513513513513509
606466,"Marte, Ketel",0.843,0.932,0.01,-0.002,0.058,0.022,0.019,-0.001,-0.009142857142857175,-0.010142857142857176,10.55753262158956
607043,"Nimmo, Brandon",0.829,0.726,0.013,-0.02,0.013,-0.009,0.007,-0.014,-0.0010000000000000009,-0.057999999999999996,-12.42460796139927
607208,"Turner, Trea",0.779,0.807,0.0,0.031,0.012,0.05,0.003,0.031,-0.030500000000000027,-0.009500000000000008,3.594351732991008
608070,"Ramírez, José",0.831,0.872,-0.017,0.02,-0.005,0.084,-0.013,0.035,0.009777777777777719,-0.010222222222222244,4.933814681107096
608324,"Bregman, Alex",0.804,0.768,-0.004,0.003,0.011,0.036,0.0,0.012,-0.01014285714285712,-0.016142857142857125,-4.477611940298509
608369,"Seager, Corey",1.013,0.865,0.013,-0.011,0.011,-0.049,0.007,-0.025,0.02300000000000002,-0.026000000000000023,-14.61006910167818
608841,"Meneses, Joey",0.722,0.593,0.028,0.008,0.04,-0.024,0.026,-0.011,0.023999999999999966,-0.02400000000000002,-17.86703601108033
621020,"Swanson, Dansby",0.744,0.702,-0.011,-0.002,-0.042,-0.026,-0.02,-0.014,-0.006428571428571395,-0.003428571428571392,-5.645161290322587
621043,"Correa, Carlos",0.711,0.905,-0.023,0.032,-0.022,0.062,-0.021,0.027,-0.04166666666666663,0.029333333333333378,27.285513361462744
621439,"Buxton, Byron",0.732,0.859,-0.005,0.015,0.013,0.022,-0.005,0.013,-0.04760000000000003,0.03739999999999999,17.349726775956277
621493,"Ward, Taylor",0.756,0.749,-0.001,-0.005,-0.009,-0.032,-0.009,-0.019,-0.017000000000000015,-0.007000000000000006,-0.92592592592593
621566,"Olson, Matt",0.993,0.79,0.019,0.0,0.046,0.009,0.021,-0.002,0.01366666666666666,0.004666666666666652,-20.44310171198388
622534,"Margot, Manuel",0.686,0.626,0.002,-0.023,0.008,-0.042,-0.002,-0.032,0.012571428571428511,-0.020428571428571463,-8.746355685131203
623993,"Santander, Anthony",0.797,0.814,0.02,0.007,0.046,0.061,0.021,0.021,0.03259999999999996,-0.04140000000000002,2.132998745294845
624413,"Alonso, Pete",0.822,0.788,-0.029,-0.002,-0.023,-0.002,-0.022,-0.003,-0.057800000000000046,0.01319999999999999,-4.136253041362526
624424,"Conforto, Michael",0.718,0.759,-0.006,-0.02,-0.032,-0.029,-0.015,-0.023,-0.003285714285714336,-0.010285714285714287,5.710306406685239
624585,"Soler, Jorge",0.853,0.78,-0.012,-0.003,-0.02,-0.005,-0.013,-0.006,-0.015666666666666662,0.005333333333333301,-8.558030480656498
630105,"Cronenworth, Jake",0.69,0.714,-0.009,-0.018,0.008,-0.03,-0.004,-0.02,-0.007749999999999979,-0.0007499999999999729,3.4782608695652195
641355,"Bellinger, Cody",0.881,0.751,0.039,0.024,0.091,0.035,0.043,0.021,0.03757142857142853,0.005571428571428505,-14.755959137343932
641487,"Crawford, J.P.",0.818,0.625,0.006,-0.025,0.054,-0.042,0.019,-0.026,0.027600000000000013,-0.03839999999999999,-23.594132029339853
641584,"Fraley, Jake",0.782,0.716,-0.005,0.032,0.041,0.063,0.01,0.029,-0.02400000000000002,0.02400000000000002,-8.43989769820973
641598,"Garver, Mitch",0.87,0.627,0.015,-0.008,0.007,0.006,0.009,-0.004,0.02899999999999997,-0.06800000000000003,-27.93103448275862
641680,"Heim, Jonah",0.755,0.603,0.002,-0.008,0.003,-0.02,0.0,-0.012,0.027666666666666617,-0.015333333333333365,-20.132450331125828
641857,"McMahon, Ryan",0.753,0.722,-0.005,-0.001,-0.014,-0.017,-0.01,-0.01,0.008799999999999975,0.002799999999999969,-4.116865869853925
642086,"Smith, Dominic",0.692,0.691,-0.002,0.014,-0.031,-0.005,-0.014,0.004,-0.009000000000000008,0.006000000000000005,-0.14450867052022698
642133,"Tellez, Rowdy",0.667,0.691,-0.023,0.006,0.002,-0.002,-0.018,-0.001,-0.008199999999999985,0.022800000000000042,3.598200899550208
642350,"Siri, Jose",0.761,0.621,0.01,-0.013,0.052,-0.043,0.021,-0.026,-0.00933333333333336,-0.017333333333333367,-18.396846254927723
642708,"Rosario, Amed",0.683,0.686,-0.008,0.03,-0.002,0.021,-0.008,0.019,-0.015666666666666718,0.02033333333333326,0.43923865300146137
642715,"Adames, Willy",0.717,0.793,-0.023,0.008,-0.029,0.001,-0.024,0.003,-0.051500000000000046,-0.013500000000000068,10.599721059972111
642731,"Estrada, Thairo",0.731,0.59,0.023,-0.009,0.045,0.005,0.024,-0.007,0.041000000000000036,-0.04099999999999998,-19.28864569083447
643217,"Benintendi, Andrew",0.682,0.685,-0.008,-0.014,-0.019,0.007,-0.011,-0.005,-0.008857142857142897,-0.06485714285714289,0.4398826979472137
643289,"Dubón, Mauricio",0.72,0.657,0.003,0.021,0.022,0.031,0.008,0.014,0.004500000000000004,-0.004500000000000004,-8.749999999999991
643376,"Jansen, Danny",0.786,0.658,0.009,0.004,0.053,0.017,0.02,0.005,0.0030000000000000027,-0.0030000000000000027,-16.28498727735369
643396,"Kiner-Falefa, Isiah",0.646,0.682,-0.012,0.018,-0.008,0.03,-0.009,0.016,-0.011400000000000021,0.006599999999999995,5.572755417956654
643446,"McNeil, Jeff",0.711,0.692,0.019,0.003,0.038,0.048,0.02,0.016,-0.014800000000000035,-0.04680000000000001,-2.672292545710264
643565,"Tauchman, Mike",0.739,0.723,-0.015,0.006,-0.023,-0.014,-0.015,-0.005,0.005500000000000005,-0.005500000000000005,-2.1650879566982417
645277,"Albies, Ozzie",0.849,0.707,0.014,0.005,0.046,0.017,0.018,0.005,-0.0011999999999999789,-0.016199999999999937,-16.725559481743225
646240,"Devers, Rafael",0.851,0.87,-0.011,0.0,-0.039,0.007,-0.021,0.0,-0.01983333333333337,0.011166666666666658,2.2326674500587673
647304,"Naylor, Josh",0.843,0.776,0.015,-0.014,0.011,0.013,0.008,-0.003,0.045999999999999985,-0.03400000000000003,-7.94780545670225
650333,"Arraez, Luis",0.862,0.738,0.025,0.004,0.011,-0.008,0.015,-0.002,0.022999999999999965,-0.015000000000000013,-14.385150812064962
650391,"Jiménez, Eloy",0.758,0.625,0.014,-0.01,0.015,-0.046,0.011,-0.024,-0.0037499999999999756,-0.023749999999999993,-17.546174142480208
650402,"Torres, Gleyber",0.8,0.708,-0.009,0.017,-0.025,0.01,-0.016,0.006,-0.015333333333333365,0.0026666666666666505,-11.50000000000001
650489,"Castro, Willi",0.75,0.716,0.026,0.003,0.05,0.004,0.026,-0.003,0.026500000000000024,0.013500000000000012,-4.533333333333333
650490,"Díaz, Yandy",0.932,0.755,0.025,0.004,0.035,-0.009,0.019,-0.005,0.0514,-0.0015999999999999903,-18.991416309012877
650559,"De La Cruz, Bryan",0.715,0.655,-0.016,-0.009,-0.034,-0.035,-0.022,-0.019,0.007000000000000006,-0.01100000000000001,-8.391608391608385
650859,"Rengifo, Luis",0.783,0.764,0.018,0.038,0.041,0.065,0.016,0.04,-0.011249999999999982,0.03475000000000006,-2.4265644955300147
656305,"Chapman, Matt",0.754,0.791,0.01,-0.003,-0.033,0.012,-0.009,-0.001,0.024857142857142855,-0.0011428571428571677,4.907161803713533
656582,"Joe, Connor",0.76,0.688,-0.001,0.022,0.017,0.06,0.003,0.028,0.016000000000000014,-0.01699999999999996,-9.473684210526322
656716,"McKinstry, Zach",0.653,0.614,-0.016,-0.023,-0.044,-0.027,-0.023,-0.024,0.009500000000000008,-0.009499999999999953,-5.972434915773361
656775,"Mullins II, Cedric",0.721,0.71,0.006,0.007,0.06,0.05,0.02,0.019,-0.017249999999999988,-0.027249999999999996,-1.5256588072122046
656811,"O'Hearn, Ryan",0.802,0.761,0.025,-0.014,0.016,-0.034,0.015,-0.021,0.055999999999999994,-0.0020000000000000573,-5.11221945137158
656941,"Schwarber, Kyle",0.817,0.851,-0.023,-0.008,-0.011,-0.027,-0.014,-0.014,-0.0572857142857143,0.0347142857142857,4.1615667074663465
657041,"Thomas, Lane",0.783,0.709,0.013,-0.005,0.032,0.023,0.015,0.002,0.02033333333333337,-0.006666666666666654,-9.450830140485323
657077,"Verdugo, Alex",0.745,0.647,-0.014,-0.017,0.004,-0.017,-0.009,-0.019,-0.004400000000000015,-0.045399999999999996,-13.154362416107379
657136,"Wong, Connor",0.672,0.758,0.024,0.049,0.024,0.07,0.018,0.042,-0.003500000000000003,0.0034999999999999476,12.797619047619047
657557,"DeJong, Paul",0.613,0.703,-0.012,0.009,-0.006,0.032,-0.012,0.011,-0.012833333333333308,0.008166666666666655,14.681892332789559
657656,"Laureano, Ramón",0.675,0.748,-0.008,0.024,-0.008,0.007,-0.009,0.013,-0.010800000000000032,0.038199999999999956,10.81481481481481
657757,"Sheets, Gavin",0.598,0.66,-0.007,-0.018,-0.008,-0.023,-0.006,-0.018,-0.036333333333333356,0.02266666666666667,10.367892976588644
660271,"Ohtani, Shohei",1.066,1.036,0.009,-0.004,0.016,-0.014,0.006,-0.011,0.007833333333333359,0.0018333333333333535,-2.814258911819889
660688,"Ruiz, Keibert",0.717,0.619,-0.014,-0.022,-0.016,0.009,-0.012,-0.011,0.007666666666666655,-0.023333333333333345,-13.668061366806139
660821,"Sánchez, Jesús",0.777,0.73,-0.012,-0.012,-0.023,-0.051,-0.016,-0.026,0.02300000000000002,0.017000000000000015,-6.048906048906055
661388,"Contreras, William",0.824,0.831,0.034,0.012,0.024,-0.005,0.022,0.001,0.007333333333333303,-0.010666666666666658,0.8495145631068013
662139,"Varsho, Daulton",0.674,0.7,-0.012,0.028,-0.005,0.091,-0.009,0.043,-0.012249999999999983,-0.006249999999999978,3.857566765578624
663457,"Nootbaar, Lars",0.785,0.759,-0.004,-0.02,-0.018,-0.038,-0.012,-0.024,0.02833333333333332,0.002333333333333354,-3.3121019108280247
663538,"Hoerner, Nico",0.729,0.708,0.01,-0.007,0.027,0.02,0.011,0.0,0.009000000000000008,-0.006000000000000005,-2.8806584362139898
663586,"Riley, Austin",0.861,0.783,0.008,-0.011,0.0,-0.044,-0.002,-0.023,-0.005250000000000032,-0.019250000000000045,-9.059233449477343
663624,"Mountcastle, Ryan",0.78,0.733,-0.003,-0.001,-0.051,-0.02,-0.023,-0.016,0.004500000000000004,0.016500000000000015,-6.025641025641026
663647,"Hayes, Ke'Bryan",0.762,0.573,0.001,-0.011,0.017,-0.037,0.003,-0.023,0.009500000000000008,-0.026499999999999968,-24.803149606299225
663656,"Tucker, Kyle",0.886,0.993,-0.008,0.01,-0.013,0.049,-0.014,0.019,0.004999999999999949,-0.0020000000000000573,12.076749435665924
663697,"India, Jonathan",0.745,0.749,-0.008,-0.018,-0.017,-0.02,-0.012,-0.019,-0.020000000000000018,-0.009000000000000064,0.5369127516778427
663728,"Raleigh, Cal",0.762,0.748,-0.001,-0.013,-0.01,-0.04,-0.004,-0.023,0.02300000000000002,0.0010000000000000009,-1.8372703412073532
663743,"Fortes, Nick",0.562,0.577,-0.006,0.002,-0.025,0.028,-0.011,0.007,-0.005999999999999978,0.006000000000000005,2.669039145907459
663837,"Vierling, Matt",0.717,0.735,-0.005,0.001,-0.008,0.03,-0.007,0.008,0.016333333333333366,-0.0016666666666666496,2.5104602510460206
663886,"Stephenson, Tyler",0.695,0.782,0.0,0.017,-0.019,0.041,-0.009,0.017,-0.0040000000000000036,-0.01100000000000001,12.517985611510806
663993,"Lowe, Nathaniel",0.774,0.762,-0.001,0.013,0.008,0.021,0.001,0.009,-0.009749999999999981,-0.014749999999999985,-1.5503875968992276
664023,"Happ, Ian",0.791,0.782,-0.006,0.0,0.004,-0.005,-0.005,-0.004,-0.01649999999999996,-0.01649999999999996,-1.1378002528445008
664034,"France, Ty",0.703,0.67,-0.02,0.006,-0.054,-0.022,-0.027,-0.007,-0.004500000000000004,-0.021499999999999964,-4.694167852062581
664040,"Lowe, Brandon",0.771,0.784,-0.004,-0.01,-0.006,-0.012,-0.007,-0.011,-0.02975,-0.017750000000000044,1.6861219195849486
664056,"Bader, Harrison",0.622,0.657,-0.002,-0.006,-0.027,-0.004,-0.017,-0.009,-0.033833333333333326,-0.018833333333333313,5.62700964630225
664728,"Isbel, Kyle",0.662,0.654,-0.007,-0.005,0.005,0.034,-0.003,0.005,0.003500000000000003,-0.0034999999999999476,-1.2084592145015116
664761,"Bohm, Alec",0.764,0.78,-0.016,-0.008,-0.016,0.004,-0.014,-0.007,-0.015749999999999986,-0.006749999999999978,2.0942408376963373
664774,"Wade Jr., LaMonte",0.79,0.761,-0.005,0.001,-0.033,-0.047,-0.013,-0.017,-0.013333333333333308,0.027666666666666728,-3.6708860759493755
664913,"Brown, Seth",0.691,0.661,-0.015,-0.001,-0.046,-0.008,-0.024,-0.005,0.0040000000000000036,0.024999999999999967,-4.341534008683057
664983,"McCarthy, Jake",0.644,0.749,0.001,0.02,-0.005,0.041,-0.004,0.018,-0.022666666666666613,0.0013333333333334085,16.30434782608696
665161,"Peña, Jeremy",0.705,0.702,-0.002,0.003,0.005,0.0,0.0,-0.005,0.015666666666666718,-0.006333333333333302,-0.42553191489361764
665487,"Tatis Jr., Fernando",0.771,0.832,-0.024,-0.022,-0.059,-0.046,-0.032,-0.028,-0.038250000000000006,-0.02124999999999999,7.911802853437089
665489,"Guerrero Jr., Vladimir",0.789,0.94,-0.035,0.002,-0.059,-0.023,-0.038,-0.01,-0.028799999999999992,0.03620000000000001,19.138149556400496
665742,"Soto, Juan",0.929,0.988,-0.009,-0.028,-0.019,-0.077,-0.013,-0.041,-0.008166666666666711,-0.006166666666666709,6.350914962325072
665750,"Taveras, Leody",0.733,0.641,-0.004,-0.011,0.014,-0.016,-0.003,-0.013,0.00666666666666671,-0.039333333333333276,-12.551159618008178
665828,"Cabrera, Oswaldo",0.574,0.661,0.0,-0.001,-0.01,0.031,-0.003,0.005,-0.013000000000000012,0.012999999999999956,15.156794425087128
665862,"Chisholm Jr., Jazz",0.761,0.76,0.026,0.016,0.026,0.021,0.018,0.011,0.002666666666666706,-0.006333333333333302,-0.13140604467805073
665926,"Giménez, Andrés",0.713,0.638,0.006,-0.01,0.032,-0.015,0.012,-0.015,-0.020333333333333314,-0.023333333333333317,-10.518934081346421
666139,"Lowe, Josh",0.835,0.693,0.016,0.013,0.02,0.003,0.013,0.004,0.009499999999999953,-0.009500000000000008,-17.0059880239521
666160,"Moniak, Mickey",0.802,0.646,0.032,-0.002,0.045,0.001,0.031,-0.002,0.0625,-0.0625,-19.45137157107232
666181,"Benson, Will",0.863,0.65,0.045,0.007,0.1,0.043,0.048,0.017,0.05449999999999999,-0.05450000000000005,-24.681344148319805
666182,"Bichette, Bo",0.814,0.599,-0.006,-0.03,-0.027,-0.053,-0.014,-0.039,0.02749999999999997,-0.058499999999999996,-26.412776412776406
666397,"Julien, Edouard",0.84,0.615,0.03,0.002,0.032,-0.028,0.021,-0.009,0.04149999999999998,-0.04150000000000004,-26.785714285714278
666624,"Morel, Christopher",0.821,0.634,0.003,-0.029,0.023,-0.053,0.007,-0.036,0.017666666666666664,-0.052333333333333315,-22.777101096224108
666969,"García, Adolis",0.836,0.684,-0.005,-0.003,-0.018,-0.013,-0.012,-0.01,-0.01200000000000001,-0.019000000000000017,-18.181818181818176
666971,"Gurriel Jr., Lourdes",0.772,0.757,-0.003,0.012,0.024,0.014,0.005,0.008,-0.030799999999999994,0.00020000000000003348,-1.9430051813471572
667670,"Rooker Jr., Brent",0.817,0.927,0.009,0.027,0.01,0.005,0.005,0.012,-0.02250000000000002,0.022499999999999964,13.463892288861711
668227,"Arozarena, Randy",0.789,0.72,0.011,0.0,-0.01,0.007,-0.004,-0.004,-0.008250000000000035,-0.04325000000000001,-8.745247148288982
668670,"Rogers, Jake",0.73,0.607,-0.006,-0.021,-0.005,-0.061,-0.009,-0.033,0.008500000000000008,-0.008500000000000008,-16.849315068493155
668709,"Bleday, JJ",0.665,0.761,-0.009,0.001,0.003,0.037,-0.003,0.011,-0.026499999999999996,0.026500000000000024,14.436090225563913
668715,"Steer, Spencer",0.82,0.721,0.019,-0.01,0.047,0.023,0.022,0.001,0.02899999999999997,-0.029000000000000026,-12.073170731707316
668804,"Reynolds, Bryan",0.79,0.791,-0.017,0.005,-0.03,-0.016,-0.022,-0.007,-0.030400000000000038,-0.004400000000000015,0.12658227848101333
668930,"Turang, Brice",0.585,0.665,-0.006,-0.007,-0.021,0.009,-0.012,-0.003,-0.016000000000000014,0.01599999999999996,13.675213675213694
668939,"Rutschman, Adley",0.809,0.709,-0.015,-0.005,-0.034,-0.002,-0.021,-0.006,0.014333333333333309,-0.016666666666666663,-12.360939431396801
668942,"Rojas, Josh",0.641,0.64,0.015,0.002,0.007,-0.014,0.006,-0.007,-0.0027499999999999747,-0.03375,-0.15600624024960652
669004,"Melendez Jr., MJ",0.714,0.673,0.0,-0.033,-0.034,-0.025,-0.015,-0.025,0.041000000000000036,-0.02899999999999997,-5.742296918767497
669016,"Marsh, Brandon",0.83,0.747,0.043,0.013,0.067,0.013,0.036,0.002,0.028666666666666674,-0.02033333333333337,-9.999999999999998
669127,"Langeliers, Shea",0.681,0.738,-0.006,-0.017,-0.01,-0.006,-0.007,-0.013,-0.0030000000000000027,0.0030000000000000027,8.370044052863435
669257,"Smith, Will",0.797,0.76,-0.001,0.006,0.003,-0.013,-0.007,-0.008,0.0020000000000000018,-0.0020000000000000018,-4.642409033877037
669357,"Gorman, Nolan",0.806,0.671,-0.001,-0.006,-0.02,-0.033,-0.009,-0.017,0.0040000000000000036,-0.012999999999999956,-16.749379652605455
669394,"Burger, Jake",0.827,0.761,-0.02,-0.006,0.006,-0.016,-0.01,-0.013,-0.0040000000000000036,0.0040000000000000036,-7.980652962515111
670042,"Raley, Luke",0.823,0.783,0.024,0.023,0.053,0.045,0.026,0.023,0.012500000000000011,-0.012500000000000011,-4.8602673147023046
670541,"Alvarez, Yordan",0.99,0.959,-0.004,0.005,-0.04,-0.028,-0.02,-0.009,-0.019799999999999984,-0.008799999999999975,-3.1313131313131293
670623,"Paredes, Isaac",0.84,0.739,0.02,0.018,0.119,0.056,0.047,0.023,0.01999999999999999,0.021999999999999992,-12.023809523809526
670770,"Friedl Jr., TJ",0.819,0.69,0.039,-0.002,0.146,0.062,0.064,0.013,0.03949999999999998,-0.03950000000000001,-15.75091575091575
671277,"García, Luis",0.689,0.762,0.003,0.004,-0.019,-0.008,-0.011,-0.003,-0.025000000000000022,-0.0010000000000000009,10.595065312046458
671739,"Harris II, Michael",0.808,0.722,-0.011,-0.02,-0.013,-0.043,-0.012,-0.032,0.0023333333333332984,-0.03166666666666673,-10.643564356435654
672275,"Bailey, Patrick",0.644,0.637,-0.016,-0.024,-0.061,-0.059,-0.031,-0.038,0.013500000000000012,-0.013500000000000012,-1.0869565217391353
672284,"Kelenic, Jarred",0.746,0.679,-0.011,-0.01,-0.016,-0.019,-0.012,-0.014,0.0673333333333333,0.008333333333333304,-8.981233243967823
672386,"Kirk, Alejandro",0.692,0.678,-0.006,-0.004,-0.028,-0.033,-0.012,-0.027,-0.015000000000000013,-0.0040000000000000036,-2.023121387283222
672515,"Moreno, Gabriel",0.747,0.733,0.018,0.011,0.021,-0.004,0.011,0.0,0.017500000000000016,-0.017500000000000016,-1.8741633199464536
672580,"Garcia, Maikel",0.681,0.613,-0.002,-0.029,-0.035,-0.034,-0.02,-0.03,0.03799999999999998,-0.03799999999999998,-9.985315712187969
672695,"Perdomo, Geraldo",0.712,0.718,0.042,0.042,0.087,0.06,0.044,0.036,0.010000000000000009,0.03200000000000003,0.8426966292134797
673237,"Diaz, Yainer",0.846,0.766,-0.003,0.0,-0.001,-0.017,-0.003,-0.01,-0.02300000000000002,0.02300000000000002,-9.456264775413704
673357,"Robert Jr., Luis",0.857,0.657,0.005,0.014,0.027,0.015,0.011,0.008,-0.003666666666666707,-0.0076666666666667105,-23.337222870478413
673490,"Kim, Ha-Seong",0.749,0.7,0.015,-0.012,0.039,0.018,0.017,-0.005,0.020333333333333314,-0.02466666666666667,-6.542056074766355
673548,"Suzuki, Seiya",0.842,0.848,0.002,0.028,0.016,0.029,0.001,0.019,-0.004666666666666597,0.024333333333333373,0.7125890736342066
676475,"Burleson, Alec",0.69,0.734,-0.033,-0.004,-0.059,-0.015,-0.037,-0.01,-0.007500000000000007,0.007500000000000007,6.3768115942029135
676694,"Meyers, Jake",0.678,0.646,0.014,-0.016,0.025,-0.022,0.014,-0.019,0.009999999999999953,-0.010000000000000009,-4.71976401179941
677594,"Rodríguez, Julio",0.818,0.734,0.001,-0.002,0.01,-0.054,0.002,-0.023,-0.009666666666666712,0.004333333333333245,-10.268948655256715
677951,"Witt Jr., Bobby",0.814,0.977,-0.018,0.017,-0.038,0.011,-0.026,0.003,-0.019666666666666666,0.03933333333333333,20.024570024570032
678662,"Tovar, Ezequiel",0.695,0.764,0.005,0.036,0.022,0.068,0.007,0.035,-0.007999999999999952,0.008000000000000007,9.928057553956847
679529,"Torkelson, Spencer",0.759,0.669,-0.018,0.01,-0.038,0.023,-0.023,0.012,-0.0006666666666666488,0.01533333333333331,-11.857707509881422
680757,"Kwan, Steven",0.71,0.793,-0.014,0.008,0.012,0.04,-0.004,0.016,-0.013000000000000012,-0.0030000000000000027,11.69014084507043
680776,"Duran, Jarren",0.828,0.834,0.024,0.01,0.077,0.039,0.031,0.015,0.018000000000000016,-0.018000000000000016,0.7246376811594235
680777,"Jeffers, Ryan",0.859,0.732,0.043,0.0,0.058,0.046,0.036,0.013,0.0605,-0.0605,-14.784633294528525
680869,"Gelof, Zack",0.841,0.632,0.014,0.012,0.056,0.015,0.024,0.005,0.017500000000000016,-0.017500000000000016,-24.851367419738402
680977,"Donovan, Brendan",0.787,0.759,-0.003,0.001,-0.016,-0.002,-0.009,-0.003,-0.002666666666666706,-0.013666666666666716,-3.557814485387556
681082,"Stott, Bryson",0.748,0.671,0.013,-0.009,0.033,-0.007,0.014,-0.01,0.024999999999999967,-0.01200000000000001,-10.29411764705882
682626,"Alvarez, Francisco",0.721,0.71,0.0,0.017,0.015,0.045,0.005,0.021,-0.0345,0.034499999999999975,-1.5256588072122046
682829,"De La Cruz, Elly",0.71,0.81,-0.005,0.019,0.019,0.043,0.002,0.021,-0.01150000000000001,0.011499999999999955,14.084507042253524
682928,"Abrams, CJ",0.712,0.747,-0.002,-0.001,0.013,0.024,0.002,0.003,-0.00599999999999995,0.0,4.915730337078661
682985,"Greene, Riley",0.796,0.827,-0.001,0.009,-0.052,0.002,-0.021,0.002,0.028333333333333377,-0.026666666666666616,3.8944723618090427
682998,"Carroll, Corbin",0.868,0.75,0.017,-0.01,0.065,0.037,0.026,0.001,0.03450000000000003,-0.034499999999999975,-13.594470046082952
683002,"Henderson, Gunnar",0.814,0.893,-0.006,-0.002,0.017,0.037,0.0,0.007,-0.007000000000000006,0.007000000000000006,9.705159705159705
683011,"Volpe, Anthony",0.666,0.657,-0.024,0.005,-0.013,0.032,-0.018,0.009,-0.02200000000000002,0.021999999999999964,-1.3513513513513487
683734,"Vaughn, Andrew",0.743,0.699,0.006,0.002,0.002,-0.038,0.002,-0.015,0.010000000000000009,-0.0040000000000000036,-5.921938088829082
686668,"Doyle, Brenton",0.593,0.763,0.003,0.006,-0.001,0.009,-0.001,-0.001,-0.01050000000000001,0.01050000000000001,28.667790893760547
686681,"Massey, Michael",0.655,0.743,-0.031,0.001,-0.051,0.035,-0.036,0.008,-0.0050000000000000044,0.0050000000000000044,13.43511450381678
686823,"Brennan, Will",0.655,0.697,-0.02,-0.005,-0.022,0.014,-0.02,0.001,0.004500000000000004,-0.004500000000000004,6.412213740457995
687263,"Neto, Zach",0.685,0.761,-0.001,0.013,-0.026,0.029,-0.01,0.013,-0.011499999999999955,0.01150000000000001,11.094890510948897
807799,"Yoshida, Masataka",0.783,0.764,0.016,0.022,0.02,0.021,0.014,0.014,0.007000000000000006,-0.007000000000000006,-2.4265644955300147
